,PE,PB,ROE,ROA,DebtToEquity,Beta,MarketCap,Momentum_6m,Volatility,RSI,MACD,SMA_50,SMA_200,Volume_Price_Ratio,Return_6m
MMM,21.12259,21.531874,0.91850996,0.05929,350.77,1.017,83253714944,0.14955873864933333,0.3188736455816063,60.59822495642967,0.24274208836651656,148.34845245361328,129.29914237976075,14204.107683762679,0.14955873864933333
AOS,18.43526,5.1275764,0.28627002,0.13533,12.132,1.177,9604960256,-0.18491548667804947,0.24052475416408625,51.855114386925976,-0.0019823797092301115,67.51812362670898,75.71930278778076,4771.50341806461,-0.18491548667804947
ABT,16.400654,4.5583854,0.30906,0.060599998,31.889,0.693,217596444672,0.11449267956604259,0.19492092552624277,22.963108708996856,-1.141845534031941,128.66188247680665,115.31281505584717,21413.94873805621,0.11449267956604259
ABBV,84.71798,107.02166,0.62292,0.084910005,2021.968,0.598,355945414656,0.06039944500127992,0.25160830864546385,32.02618177149226,-1.9287688413404016,195.3687530517578,184.22350181579588,22102.606435247006,0.06039944500127992
ACN,25.505772,6.626933,0.26965,0.11576,26.706,1.239,193819181056,-0.07606824785460942,0.24630931981726417,23.939116202945996,-1.6507770992660937,356.72790161132815,343.1244059753418,6921.660495517427,-0.07606824785460942
ADBE,26.517162,13.376006,0.47284,0.17194,50.118,1.37,174713339904,-0.2308347793590152,0.35263014054834246,32.812539732320715,-2.2479912621418094,432.28529968261716,495.1222738647461,5493.136222798269,-0.2308347793590152
AMD,113.05,3.1852248,0.02893,0.019019999,4.032,1.736,183195271168,-0.2750881355305338,0.45103970804798726,66.30374190332742,2.0812443406301373,110.12539978027344,138.7470004272461,168087.30196407132,-0.2750881355305338
AES,5.331224,2.465366,0.10055,0.02733,351.227,0.931,8994869248,-0.3136753957381929,0.4063416271735929,74.03156894901797,0.09988482333855697,11.307446842193604,14.86691810131073,523967.14523731207,-0.3136753957381929
AFL,11.414849,2.316454,0.22639999,0.03384,37.796,0.926,59998711808,0.02890594945723901,0.19397255375132819,56.99008814432803,0.20500873429278332,105.85311431884766,103.23947902679443,4971.362154456281,0.02890594945723901
A,27.845978,5.732608,0.20614,0.08392999,58.736,1.111,34534526976,-0.13236440282924578,0.26366063946607016,36.992246643507926,0.5116564031418216,135.93999969482422,136.03938568115234,3971.9310733033476,-0.13236440282924578
APD,17.029512,3.9220312,0.22396,0.048249997,80.976,0.869,65468010496,0.03426447077903094,0.24364058853181622,30.8559914677611,-0.45402837863175005,312.24319946289063,294.41616928100586,1153.2198751814726,0.03426447077903094
ABNB,31.274275,9.543032,0.31948,0.07671,27.271,1.108,80059670528,-0.017838058153228142,0.36843577358263463,33.485584858599566,-0.030244906773244207,134.96840103149415,134.19782539367677,13895.964381314354,-0.017838058153228142
AKAM,25.073395,2.5214503,0.10657,0.03924,95.003,0.676,12324572160,-0.17614549206798225,0.3797135486368376,48.1693826685181,0.6172256848338091,90.05620056152344,95.00840026855468,7032.443164080002,-0.17614549206798225
ARE,53.555557,0.927967,0.02269,0.0141900005,56.93,1.193,16686068736,-0.18531955147426105,0.2559882976119623,35.130963478816966,-0.42322141238797073,98.24579971313477,108.25848777770996,3769.6368697924336,-0.18531955147426105
ALGN,30.2758,3.262078,0.112629995,0.06866,3.097,1.688,12522631168,-0.3270714265799711,0.3718003227462821,45.10657865262819,1.8620637578762924,196.97,222.5770999145508,1614.1170135279954,-0.3270714265799711
ALLE,19.052786,7.468674,0.42391,0.11255,143.313,1.116,11212574720,-0.07450136687890585,0.212776228384897,57.01541318339365,0.4592664361630847,129.5265998840332,133.0518278503418,3056.133542702297,-0.07450136687890585
LNT,23.122677,2.2795575,0.10014,0.02645,151.585,0.536,15966242816,0.05907811752840164,0.18027782358759928,40.43210894029054,-0.2067293544153096,61.25132865905762,57.900656909942626,9197.942009365388,0.05907811752840164
ALL,12.207059,2.8287125,0.23586,0.03618,38.943,0.464,54998196224,0.09677846254590738,0.234989767852953,61.27361986668095,0.3590272240307,193.75343963623047,184.49242309570312,1769.0969180879074,0.09677846254590738
GOOGL,21.159403,6.3823156,0.32908002,0.1674,8.655,1.025,2083742285824,0.04102111711539225,0.28809862674486125,46.188593811621956,1.032431836607544,181.53449981689454,174.7777321624756,78326.95375880247,0.04102111711539225
GOOG,21.419155,6.4687104,0.32908002,0.1674,8.655,1.025,2083982147584,0.048358832569850296,0.28428135969819646,46.692662850277785,1.056419442505427,183.3643634033203,176.36403053283692,41417.42478328152,0.048358832569850296
AMZN,37.18445,7.6170545,0.24290001,0.07438,54.342,1.192,2179205038080,0.07322546102486505,0.2822467944172269,47.05502020843477,1.559452818440314,217.98779998779298,200.00965026855468,101866.3449039816,0.07322546102486505
AMCR,17.263636,3.6240458,0.20721,0.05138,197.441,0.811,13723503616,-0.10690326547802131,0.22827215922056604,34.15979785273704,-0.06716097774210932,9.845049324035644,10.072841625213623,1159767.8918088365,-0.10690326547802131
AEE,22.0362,2.1700866,0.100080006,0.026630001,153.508,0.493,26288842752,0.1542571461766129,0.17997339761290784,47.35564622400137,-0.2888839553944319,96.45939605712891,85.67099220275878,4620.184732547819,0.1542571461766129
AEP,18.362007,2.026503,0.113859996,0.02861,170.451,0.492,54682083328,0.022286836015126266,0.18796281020892647,47.2949396150864,-0.4899226246947952,101.6942155456543,96.06246448516846,69601.34748899021,0.022286836015126266
AXP,19.896427,6.461228,0.34735,0.038039997,183.33,1.212,195294183424,0.04068730887294714,0.25510722953139786,45.801634250348066,2.314389249214832,297.00019989013674,272.421361618042,3247.9699861714994,0.04068730887294714
AIG,20.679361,1.1998204,0.057540003,0.00754,23.008,1.0,49937870848,0.15291135938545253,0.21527009481416795,69.64772876296867,0.02406167495349898,77.51008514404298,74.73860717773438,14692.686824077033,0.15291135938545253
AMT,30.421242,29.09273,0.31768,0.04532,455.544,0.861,98406711296,-0.08989042517175982,0.26327398607663666,52.873556590586595,-0.4762033018115668,196.80890014648438,205.36783096313476,6112.424310527647,-0.08989042517175982
AWK,25.807053,2.6242313,0.10443,0.03457,136.702,0.681,27117129728,-0.04392685562590304,0.22186724656608395,52.16070052380619,-0.9487427133981812,131.56367736816406,134.25437240600587,6510.416680543279,-0.04392685562590304
AMP,15.440055,9.380932,0.68314004,0.02264,70.39,1.326,48863703040,0.11349498629718946,0.24171827878430907,50.449043988151246,3.28270960085859,525.8507470703125,489.4927479553223,226.92432782157678,0.11349498629718946
AME,30.186632,4.2843494,0.1497,0.07501,24.075,1.147,41374920704,0.05137547847368329,0.22500834829828933,40.69564924738963,-0.046050676946850944,182.53680572509765,175.77167358398438,2398.5688081389017,0.05137547847368329
AMGN,40.406624,27.870455,0.67553,0.064,1035.886,0.524,163885137920,-0.0811726280174987,0.2619482342958043,37.86406328701372,-2.1274375368195813,297.32207092285154,302.54113510131833,4187.2388938005915,-0.0811726280174987
APH,36.026043,8.542669,0.26709998,0.10873,73.865,1.258,83770400768,0.05448891555214286,0.3306686568705025,62.9403094685285,0.9670947494812611,67.87463401794433,67.36037441253661,30645.381756735143,0.05448891555214286
ADI,68.47436,3.021355,0.04429,0.02616,21.725,1.072,105960308736,-0.04983672400469641,0.3442988704890015,36.3227861234884,-0.6264639360188835,216.37243530273437,220.39066612243653,6744.926063081708,-0.04983672400469641
ANSS,49.76336,4.6878376,0.10032,0.058369998,14.222,1.109,28570105856,0.017798632964968863,0.21142602646808487,46.69318807220557,1.0807613360240245,336.365,329.1849510192871,418.61633652381437,0.017798632964968863
AON,31.6152,13.945586,0.9564,0.06616,278.258,0.923,85361434624,0.14087669882632192,0.19502256294100528,38.45553846910712,-1.5655563179055765,386.13020080566406,352.465823059082,818.0874971601409,0.14087669882632192
APA,9.226872,1.449481,0.22242,0.07467,100.865,3.27,7625320448,-0.1471412035383054,0.3760630595246204,79.29356007805966,0.2819123579668156,21.821491241455078,24.56148115158081,88905.08604114008,-0.1471412035383054
APO,20.276262,5.303301,0.22670001,0.01844,103.066,1.647,84787593216,0.20076965333054564,0.3518006446865859,57.82352942911421,2.50175777102534,153.4250178527832,139.65829486846923,5449.890664423886,0.20076965333054564
AAPL,35.574722,50.42023,1.3652,0.22518998,145.0,1.178,3361420345344,-0.0172765611488499,0.2456069806234562,38.6006658377587,0.0979507217301725,231.12142974853515,228.22630752563475,84641.83876683698,-0.0172765611488499
AMAT,20.006536,6.676118,0.35186002,0.15558,35.372,1.619,124344098816,-0.19981643369195645,0.42739160477741756,46.79830392987764,0.9472913904096929,169.03537719726563,189.0704552459717,18905.141733460216,-0.19981643369195645
APTV,9.216235,1.714007,0.17297001,0.05511,97.832,1.785,14717812736,-0.08154352797029696,0.37230161401338674,45.860711261359704,-0.08249210639176968,63.80849998474121,65.63272500991822,8646.566825566306,-0.08154352797029696
ACGL,8.449509,1.7730895,0.22014,0.044499997,13.886,0.603,35490004992,-0.12193328515353763,0.2362351732542921,61.23598485477612,0.3390661611437323,92.08160018920898,96.46818923950195,5353.2097690460105,-0.12193328515353763
ADM,12.698629,0.9994178,0.07587,0.0233,51.438,0.662,22234419200,-0.22896854332907934,0.2418621042887266,52.31676194840742,-0.1434858581468415,47.94631416320801,54.24383331298828,28049.08398704435,-0.22896854332907934
ANET,38.982063,10.970469,0.33137,0.15336001,0.597,1.079,109629161472,-0.09556258401641216,0.49632047283532976,48.29567336491063,1.4401754263395317,101.52839965820313,96.1485249710083,54220.78664963912,-0.09556258401641216
AJG,51.819447,4.1654058,0.09488,0.030280001,67.281,0.755,85525716992,0.2211104067701959,0.18743489635568653,45.90781570953941,-0.1786918930065342,317.59784423828125,290.9785231018066,2212.0431850211853,0.2211104067701959
AIZ,14.557786,2.0939887,0.15332,0.01893,42.013,0.606,10684583936,0.09075518886248934,0.2082763259785365,57.65765802190408,0.4934096101883808,208.52135192871094,195.55490631103515,416.6571579468181,0.09075518886248934
T,18.308725,1.8755586,0.10226,0.04123,121.359,0.705,195820765184,0.2992902433114155,0.21216163104569266,61.3148813783373,-0.04296345331287482,25.246511993408202,21.67561631202698,901996.1225946948,0.2992902433114155
ATO,21.349354,1.8480731,0.09009,0.03504,66.587,0.664,23619518464,0.10240611174471792,0.16075701789410407,51.82705502191139,-0.2986984824873935,145.8802340698242,135.30323112487793,1814.112518308907,0.10240611174471792
ADSK,53.50098,22.321196,0.49687,0.08382,97.634,1.509,58232074240,0.02282167648810729,0.2750743081483447,55.3843687546089,2.9416924701687357,284.9628009033203,273.6886000061035,1948.0265242490773,0.02282167648810729
ADP,31.095932,23.895033,0.83716005,0.054569997,86.202,0.777,121332998144,0.09023710263379692,0.16316259010726206,39.41985212036532,-0.18617364997504793,301.5876745605469,279.4408364868164,1532.3765571041815,0.09023710263379692
AVB,28.06833,2.5413444,0.09122,0.02898,69.094,1.013,30385670144,-0.05719312956405631,0.18405036269796562,32.32521119156503,-0.09862399728701154,217.7506005859375,216.4073236846924,1291.3482777070956,-0.05719312956405631
AVY,20.124285,6.0631213,0.31751,0.085880004,146.084,0.861,13873141760,-0.16200894987319892,0.19436940573814537,37.40065486416635,-0.3937119364706654,183.57249206542969,202.34557075500487,852.429075226261,-0.16200894987319892
AXON,119.706856,18.952929,0.19122,0.012180001,31.41,1.123,44716716032,0.46403408557880166,0.526431344695601,58.77572406236849,7.864862819322502,589.3526013183593,472.40145126342776,380.6978383871598,0.46403408557880166
BKR,15.115771,2.6394584,0.18469,0.05748,39.261,1.287,44599595008,0.2629613891309355,0.2872873353868849,63.59103345142105,0.3188683575063809,44.81302764892578,38.99309834480286,89718.17436516559,0.2629613891309355
BALL,36.934307,2.497902,0.08805,0.04004,101.467,0.991,14288377856,-0.23153735330861336,0.24076240010545683,42.824851840948156,-0.11302981815943217,52.27679054260254,59.379791202545164,13373.063644380944,-0.23153735330861336
BDX,38.54714,2.6084232,0.06835,0.03698,74.422,0.379,65745301504,-0.010259002548459129,0.19197989280128247,62.37150496729451,0.6992267768989351,231.64423034667968,230.74112831115724,2826.48380377212,-0.010259002548459129
BRK-B,12.778828,0.0011686938,0.14653,0.063930005,20.066,0.858,1138493227008,0.15857330740412712,0.16044994656131556,78.5925350202909,1.1579059298736922,486.7561999511719,457.20050033569333,3976.660084482624,0.15857330740412712
BBY,17.427568,5.615448,0.31633,0.072859995,144.836,1.452,15766087680,-0.22517774099240773,0.35763794791921444,47.79755716326621,0.13212805918020498,82.89099975585937,87.34964382171631,15421.8535524402,-0.22517774099240773
TECH,61.663265,4.5912476,0.07825,0.05683,19.01,1.295,9553257472,-0.2264891976589638,0.37707555617930205,44.79717860513995,0.28957677104450763,67.69888732910157,72.5599207687378,8498.65956323705,-0.2264891976589638
BIIB,12.495979,1.219625,0.10358,0.05289,40.181,0.012,20467617792,-0.29860553068339946,0.25830722663989336,42.815462232011384,-0.25779329372879556,142.23719970703124,179.22015007019044,5543.910390107966,-0.29860553068339946
BLK,23.224234,3.1829586,0.14376001,0.03666,28.816,1.303,151472586752,0.06141711390799354,0.20504668685151978,54.21621270768015,6.469443198603571,976.1154870605469,929.8051818847656,240.47454940710227,0.06141711390799354
BSX,82.544,6.988621,0.08889,0.05035,51.029,0.774,152610439168,0.2295043202629341,0.18743352033375074,46.726574456638126,0.4972707155884284,101.6852001953125,87.74485000610352,57265.03181356948,0.2295043202629341
AVGO,87.59722,3.1949816,0.14845,0.069759995,166.032,1.03,889655984128,0.11216260733992867,0.581314234601209,48.82953903313862,1.0147976973937851,211.97831817626954,182.2822808074951,52904.670180249836,0.11216260733992867
BR,37.11346,12.45235,0.35341,0.08861,173.54,1.063,27751641088,0.14771507653235671,0.1856683169070207,44.7514280133409,0.5079578883548719,235.32588134765626,218.64292655944826,571.174972896355,0.14771507653235671
BRO,35.069363,5.405381,0.16678,0.052849997,63.073,0.856,34694987776,0.20474948422264383,0.17726017230077362,56.853596900228936,-0.17991703053663333,112.0273811340332,104.11286281585693,4250.251392545273,0.20474948422264383
BF-B,16.267942,4.2037587,0.27985,0.0896,74.889,0.727,15972179968,-0.2583759850471943,0.29898389189804886,41.32666878768199,-0.15937493322290736,33.23369205474854,40.91390011787414,33849.23529411765,-0.2583759850471943
BLDR,14.422736,3.4543195,0.23877001,0.09458,100.846,2.197,14846856192,-0.33918279286452924,0.43932202824600614,44.96844604966231,0.9807955919671221,147.28899856567384,162.36949970245362,3543.0550737547073,-0.33918279286452924
BG,9.246558,0.9984188,0.10438,0.03886,65.02,0.65,9897555968,-0.23923397650735168,0.2533132894693722,57.99557641037059,-0.010462368811049005,74.02550155639648,88.79965881347657,6175.081442343905,-0.23923397650735168
BXP,764.5555,2.0105774,0.01044,0.02421,213.956,1.214,12142969856,-0.1287606164339562,0.30981552867266016,53.30601811322305,0.4085205322592115,70.1365998840332,72.31702793121337,7199.012026968652,-0.1287606164339562
CHRW,25.906736,6.890849,0.29655,0.08492,101.108,0.835,11870600192,-0.02853133329612656,0.3013367507521921,56.90682283931619,0.2692363109748525,100.26506393432618,99.58748077392578,4005.79,-0.02853133329612656
CDNS,69.53247,15.68616,0.26133,0.11858,56.202,1.053,73378717696,-0.02213616796617557,0.3678285263738688,74.24115374928957,4.761353096123434,276.6756002807617,284.47480003356935,2114.770168789445,-0.02213616796617557
CPT,81.113335,2.8274965,0.03487,0.020680001,73.492,0.958,12989123584,-0.01152878508299171,0.20551337737634606,41.63116654918426,-0.12171488142070674,117.82799957275391,116.53309677124024,2300.312354828616,-0.01152878508299171
CPB,22.124279,2.9170794,0.13423,0.064959995,205.496,0.143,11412917248,-0.23968386927326402,0.23597365338032603,44.6481504040281,-0.19903281117812618,39.04830009460449,44.0402172088623,28052.931605346137,-0.23968386927326402
KMX,25.22619,1.8377234,0.075219996,0.01672,312.67,1.762,11406576640,-0.025427038073486563,0.3190926064308044,36.723175206303516,0.2031054787929123,80.4725,78.64552478790283,11352.511152247902,-0.025427038073486563
CCL,13.583872,3.0061393,0.2587,0.04815,309.203,2.669,27565205504,0.10815791079872539,0.4345446273621508,42.71954508908889,0.2600049727934024,23.99610008239746,20.978025040626527,481354.4931418792,0.10815791079872539
CARR,55.62295,4.2330484,0.103590004,0.04147,89.232,1.229,58630225920,-0.14580019078582995,0.29347944929493275,61.36882504300604,0.2735708911418433,66.34740036010743,69.87820404052735,15942.012824488174,-0.14580019078582995
CAT,15.573502,8.416458,0.55327,0.09675,200.118,1.138,164045373440,-0.06258866924004369,0.2720607660488857,54.22072005622999,1.454172130885576,357.26698913574216,359.1630212402344,2239.5758707343493,-0.06258866924004369
CBOE,29.853186,5.272505,0.1851,0.09678,37.37,0.661,22567469056,0.03520477563952462,0.21896598161276573,53.66812968803355,-0.2549342580823519,208.02480041503907,200.23040061950684,1201.2295075851137,0.03520477563952462
CBRE,42.56508,4.7440114,0.113479994,0.03862,63.74,1.42,40228962304,0.1026316078415872,0.28527760860917484,39.99999999999999,0.6869345367577524,137.06600006103517,121.99045001983643,3619.525606894769,0.1026316078415872
CDW,21.119198,9.486559,0.49043998,0.07495,271.148,1.004,22301054976,-0.24777059274560576,0.2887542461088074,44.40367875158588,0.585497681084151,183.2349691772461,201.31653656005858,2133.0203444468416,-0.24777059274560576
COR,38.00496,229.52524,1.98149,0.02861,2689.426,0.503,51976101888,0.18157417281942068,0.18350558750231716,75.64553175179725,0.8636514787677223,251.37436248779298,237.2818495941162,2202.9666422736836,0.18157417281942068
CNC,9.339937,1.1066359,0.12557,0.03701,73.289,0.397,29234354176,-0.22053959929181133,0.3210659957201393,49.54767791715755,0.12920534879460058,60.23990020751953,65.79332534790039,20307.541734314676,-0.22053959929181133
CNP,22.287973,2.1517172,0.10023,0.029649999,196.803,0.904,22985781248,0.2666341068988083,0.20601512991796206,68.72486520530269,0.010171490392766103,33.481272010803224,30.26958547592163,47067.357456143436,0.2666341068988083
CF,11.106084,2.5509474,0.18503,0.07745,42.756,0.979,12690692096,-0.07169348706275147,0.31097967750146627,42.00113916522174,0.24847952870177115,83.62293685913086,81.25315956115723,21345.45358820025,-0.07169348706275147
CRL,817.375,2.4152324,0.0070599997,0.0434,79.277,1.448,8360373248,-0.20562218068485927,0.3718086839820218,46.12753123028848,-0.6244215394766808,166.35109985351562,192.20792518615724,1446.6003436039284,-0.20562218068485927
SCHW,27.010035,3.7741845,0.13303,0.012209999,121.987,0.978,146463916032,0.24340130862030107,0.27691084153884443,61.4595276911219,0.6836040317071601,78.92672317504883,72.42289051055909,34218.01543960417,0.24340130862030107
CHTR,10.636467,3.3892488,0.34004003,0.055609997,493.104,1.135,52853350400,0.12642257960917735,0.36578897339325755,45.640957967596655,0.7284274862558743,357.30199768066404,345.76254928588867,1250.221627783959,0.12642257960917735
CVX,17.002056,1.9193292,0.11266,0.056160003,19.334,1.062,290956771328,0.15868698647723378,0.19855825294427723,79.74471549516261,1.0153532817677011,155.7981298828125,149.96311737060546,26990.821422395074,0.15868698647723378
CMG,44.833332,18.5,0.45673,0.14156,124.212,1.274,67448496128,-0.13043858487328208,0.31061635749906386,33.70164993473021,0.15450748552349003,54.22830009460449,57.46845010757446,114400.04159196712,-0.13043858487328208
CB,12.810132,1.8200425,0.14597,0.0301,30.289,0.674,116520722432,0.0037642976999692213,0.19136277131299848,55.02660146500822,-0.4081823877476616,277.49339965820315,276.124652633667,1631.5244198863486,0.0037642976999692213
CHD,44.35654,5.927544,0.14247,0.083380006,55.162,0.565,25872314368,0.022170560819247287,0.17801226772610493,30.08275653041929,-0.6861058029877158,107.29984939575195,104.62019485473633,3592.40903686088,0.022170560819247287
CI,26.066889,2.1062782,0.086260006,0.03925,77.521,0.533,85580668928,-0.1055411891413256,0.2579264405167596,54.92912035887486,-0.5821976159404381,301.01673767089846,320.23696029663085,1127.2467604258559,-0.1055411891413256
CINF,10.017906,1.6325845,0.17608,0.052529998,6.279,0.674,22773944320,0.09312843434945739,0.22825519047300347,57.82439696047059,0.3227931363384384,139.42321075439452,134.98452507019044,1434.6211354884108,0.09312843434945739
CTAS,46.555557,18.114662,0.41325,0.15269,66.308,1.407,77779075072,-0.052443182376539,0.23331719087781805,34.061469294420874,-0.5409287267567553,199.98281280517577,197.8009140777588,5163.064084458037,-0.052443182376539
CSCO,26.725878,5.322764,0.20019,0.065560006,71.21,0.776,242417106944,0.18951492945491966,0.1882490323225874,34.087336290108,-0.15482596160184686,61.889499740600584,54.352533950805665,171456.1871591164,0.18951492945491966
CLX,38.75613,-427.13214,2.7610598,0.11265001,2555.372,0.443,17521930240,-0.11566521255786855,0.2101293567700459,28.45688914050868,-0.44681675828894285,152.13761474609376,151.6834159088135,5222.413588866958,-0.11566521255786855
CME,27.035505,3.5530536,0.13249,0.01842,14.428,0.547,94313570304,0.27056726770699346,0.16639986704937568,62.282405894405024,-0.2666605413916896,246.54346588134766,218.63198852539062,4082.674338438532,0.27056726770699346
CMS,21.671772,2.693301,0.11225,0.02981,189.643,0.349,21586233344,0.049353979454830554,0.1630798732551225,48.936395555095,-0.21317698817543462,69.73596008300781,66.46605573654175,16812.47665939358,0.049353979454830554
KO,27.985773,11.915023,0.39549,0.09017,176.919,0.575,296279277568,-0.02465126646219251,0.15087818062974565,44.72421823241757,-0.38705696890919117,66.71624664306641,65.54957162857056,78729.0570644163,-0.02465126646219251
CTSH,17.523281,2.7151544,0.16211,0.09838,10.432,1.118,39089500160,0.05277488762263971,0.20864796115352052,33.16196620610832,-0.4091138884406542,82.2921044921875,76.65669174194336,35690.523606339855,0.05277488762263971
CL,25.539885,343.4674,4.06262,0.16377,1564.706,0.392,72750145536,-0.12086287496296388,0.18382356572346747,44.31848461623047,-0.3709014724387205,89.37810256958008,95.1099514389038,26208.47886641891,-0.12086287496296388
CMCSA,8.891909,1.6296648,0.18707001,0.054840002,122.184,1.006,139188797440,-0.06756287217090207,0.26342881187999273,58.54073336867531,0.13426132575968694,35.86245002746582,38.66024377822876,394595.39558573853,-0.06756287217090207
CAG,24.70874,1.3803016,0.055159997,0.05468,96.17,0.173,12147793920,-0.19161608081264359,0.2371420765785285,50.561810595285635,-0.08039489886436867,25.559522323608398,27.860712928771974,90883.7300849201,-0.19161608081264359
COP,13.016645,2.0017328,0.16209,0.08403,39.12,1.129,129350156288,-0.060697827388163206,0.24359967112102793,84.91805903151692,0.9491581932413652,98.8802116394043,104.621655960083,28055.68460807608,-0.060697827388163206
ED,20.164436,1.6643257,0.08442,0.029979998,126.714,0.285,37234974720,0.03843668954612256,0.18459464771961662,63.163156244737614,-0.16577568740545967,97.93780868530274,96.27625991821289,11012.251186061229,0.03843668954612256
STZ,47.802666,4.143494,0.08326,0.09056,150.148,0.892,32402319360,-0.2700706475460688,0.2765592334455993,57.09893772770364,-0.0009436093938487988,177.17963073730468,224.79899116516114,2630.4697894098076,-0.2700706475460688
CEG,19.015139,5.374905,0.30115,0.05151,66.438,0.884,70836256768,-0.11024985966516121,0.6420635248134603,48.4845958757264,3.533155999114541,273.27646606445313,235.9916120147705,7460.0646968887295,-0.11024985966516121
COO,40.635265,2.0688932,0.05251,0.03797,31.251,1.023,16819382272,-0.2387093900799916,0.26059257058396335,35.503299634395916,0.4348024775523154,89.78649993896484,96.29487510681152,7691.921969110362,-0.2387093900799916
CPRT,37.17114,6.445362,0.19184999,0.12133,1.434,1.304,53507059712,0.07669128693902949,0.22717441414161563,56.23798603768906,0.34242310181226787,56.30990028381348,54.937675113677976,25911.186124240598,0.07669128693902949
GLW,84.58621,3.9207227,0.051620003,0.03083,73.089,1.019,42033483776,0.11544613864530828,0.2973995611521365,60.930736422219205,0.46471233587355376,49.65613006591797,45.13039735794067,34155.46174265412,0.11544613864530828
CPAY,25.611748,8.035149,0.31228,0.06565,257.164,1.257,25117151232,0.16382936261759995,0.2596022216144334,50.77737986197639,2.7422124119949878,363.8374005126953,328.66610092163086,270.20752276975395,0.16382936261759995
CTVA,50.901638,1.7897284,0.035,0.02911,13.229,0.79,42415230976,0.0843802906292348,0.24098896805987044,56.21692727899336,0.23270974490902352,62.290365066528324,57.62718835830688,16533.414254879033,0.0843802906292348
CSGP,235.41176,4.3391523,0.01863,0.00032000002,14.928,0.931,33757911040,0.034509474914853344,0.2926776549653091,55.953024445422955,0.15835888638334283,76.39060028076172,75.63924991607666,7041.691573627421,0.034509474914853344
COST,54.12318,16.084558,0.32894,0.087349996,31.431,0.805,411351842816,0.024705842512565246,0.20062645552252642,25.687328472368833,-2.7729322770173717,983.9439514160156,914.9992364501953,974.7964096084173,0.024705842512565246
CTRA,19.539999,1.6417408,0.08565,0.04121,28.957,0.242,22395654144,0.2596449701426726,0.251424288808889,77.31002693404348,0.298013439959678,27.78513874053955,25.455523653030397,74984.48236300983,0.2596449701426726
CSX,16.544693,4.50076,0.28336,0.07967,153.394,1.245,56109170688,-0.14590239358509904,0.22904393805679463,36.963036696541465,-0.006365382277146003,31.809779777526856,33.17691822052002,126873.07205939361,-0.14590239358509904
CMI,11.647363,4.4203672,0.38356,0.07453,67.978,1.005,45428629504,0.08244869730872306,0.2536647198340287,38.45821350297126,0.24658395365954533,353.52055725097654,325.8103900146484,754.6884322890966,0.08244869730872306
CVS,18.056011,1.1020044,0.0602,0.01993,109.494,0.531,83319963648,0.17667652155615277,0.40867551525582163,50.62472064978009,-0.2899571608088256,60.80565040588379,57.105140380859375,68850.01230285343,0.17667652155615277
DHR,40.070755,3.0825446,0.075679995,0.03976,34.603,0.849,151786536960,-0.2193422537955676,0.24291704619974785,53.032583677261385,1.097546625109716,217.06129943847657,244.90081008911133,5022.097704532078,-0.2193422537955676
DRI,23.234797,10.976485,0.48222,0.07198,355.524,1.272,24170354688,0.2326574693397112,0.2915508723432905,61.54302774659628,1.8057123385241254,192.90490020751952,166.2780433654785,2890.255707356648,0.2326574693397112
DVA,14.082089,100.372345,0.5174,0.071490005,576.988,0.989,12076801024,-0.0795121541837367,0.3076235672692568,65.273133446711,1.4074272207970062,158.11400054931642,152.8919007873535,1620.6544059296607,-0.0795121541837367
DAY,545.0,3.7435994,0.00732,0.00698,48.419,1.332,9487807488,0.01765406413548032,0.3650836992851815,59.18919615540256,0.9766253048071851,64.03339965820312,63.02064985275268,13522.184982208366,0.01765406413548032
DECK,20.07026,7.131976,0.39797002,0.19806999,9.77,1.099,18764244992,-0.17977309927951746,0.4370092504237052,35.634223697834,2.2289163980478417,159.86365661621093,166.33099723815917,8389.869218733858,-0.17977309927951746
DE,21.248226,5.787834,0.27745,0.0496,289.674,1.024,130105016320,0.1897162654571518,0.2573301402657844,56.05348238635196,-0.6884214185983193,473.6091973876953,414.5502810668945,731.7152259647963,0.1897162654571518
DAL,9.118198,2.0407305,0.26191,0.05046,156.091,1.343,31393751040,0.04095029931758343,0.3676168513454049,31.423377613756074,0.32172492555834076,60.05217666625977,53.462968006134034,94145.45563075236,0.04095029931758343
DVN,8.089912,1.6567117,0.21857001,0.093100004,62.949,1.954,23925155840,-0.08323273422591149,0.2842626828563546,76.65104251227493,0.2852292083317773,35.27634246826172,39.14614490509033,82285.60721667523,-0.08323273422591149
DXCM,51.436623,13.571163,0.27628002,0.05883,123.362,1.288,28541986816,0.037058080349884115,0.5509395054489377,33.79360150813673,0.19385950794834894,82.82879959106445,82.25824993133546,22438.239039665645,0.037058080349884115
FANG,10.3713,1.2427901,0.1292,0.06336,32.861,1.831,46649204736,-0.09882353643803454,0.2850282699181467,89.62148029461812,2.3360369621592127,159.34822723388672,176.3625888824463,6624.520767697833,-0.09882353643803454
DLR,94.580246,2.5028176,0.02664,0.0089,79.457,0.676,52520599552,-0.020002385233103825,0.27757181950586984,47.02847532899029,1.212643146934819,161.02010833740235,161.20482070922853,7294.2565663482455,-0.020002385233103825
DFS,9.57586,2.5294993,0.28202,0.030299999,90.673,1.448,42717495296,0.20050399428852517,0.3778327635846979,41.8942444394301,1.0425344795214242,184.92372711181642,156.18676811218262,4454.635442559709,0.20050399428852517
DG,16.17319,2.4517918,0.15890001,0.03917,235.555,0.44,18177519616,-0.024765192966029748,0.45611192177119314,64.88103563688942,0.3860461903525221,75.05909973144531,90.55674816131592,16369.266803200939,-0.024765192966029748
D,24.122726,1.7217103,0.06489,0.02706,141.186,0.584,45218291712,-0.062439127878562206,0.22062245804439862,44.4324390308277,-0.17108701961675374,54.70317253112793,54.01218082427979,40578.89603134909,-0.062439127878562206
DASH,661.6333,10.675523,0.016,0.00274,6.863,1.703,83384860672,0.420626995125968,0.33707629916990356,52.38228640993005,1.2880379835077564,189.91220092773438,153.01159980773926,11684.74450004424,0.420626995125968
DOV,18.3999,3.6633515,0.23216,0.06764,45.486,1.241,25446246400,-0.013281476439027995,0.2245253947057686,44.75480085020232,0.5668869409363158,193.74776641845702,188.5239286804199,1688.0234955189765,-0.013281476439027995
DOW,22.579618,1.437201,0.06499,0.024330001,98.997,1.159,25019332608,-0.2906028323046457,0.23545886302202398,31.537284531878072,-0.06347393037911891,38.11069183349609,45.54459697723389,117137.82540566803,-0.2906028323046457
DHI,9.218683,1.6588136,0.19167,0.10932,20.28,1.806,41791180800,-0.31754352991663237,0.3331809619742877,51.85030682475712,0.533825042634027,133.92521911621094,158.05042640686034,13269.407898748923,-0.31754352991663237
DTE,19.835672,2.3780327,0.123380005,0.028299998,198.573,0.601,27867074560,0.0915957189390415,0.18193219197164043,61.746385867673524,-0.04000499251182843,126.87110702514649,120.52250049591065,3679.103149212728,0.0915957189390415
DUK,20.316343,1.8249847,0.09077,0.027309999,166.689,0.465,89823739904,0.012133709207003296,0.16962381450684666,51.08886010967635,-0.3931217593323213,113.92518280029297,110.07242156982421,20923.650795215894,0.012133709207003296
DD,43.321358,1.3726469,0.03207,0.03112,31.846,1.28,32055496704,-0.07108415494851816,0.22572533371523906,39.29301512851274,-0.1151917561724709,78.05464553833008,80.01219032287598,6571.007679262727,-0.07108415494851816
EMN,11.718383,1.7904025,0.15955,0.057919998,89.2,1.451,10377544704,-0.1420572345344373,0.2434626022548805,29.254069014491634,-0.3956220917662445,94.90757827758789,97.66947547912598,6336.137265272817,-0.1420572345344373
ETN,31.448475,6.35586,0.20201999,0.07605,53.883,1.084,117168316416,-0.09281139240693814,0.3376586877476669,56.75176761393459,3.154301833318873,310.30370239257815,322.8989859008789,7117.455197248189,-0.09281139240693814
EBAY,16.898733,6.0953336,0.34291,0.06874,152.443,1.442,31105499136,0.07358659499079168,0.27741690338628383,51.23832965027846,0.019878584083212802,66.6793824005127,61.19757654190064,18260.689138576778,0.07358659499079168
ECL,34.02439,10.704238,0.25287,0.07545,103.915,1.144,71060545536,0.0038584530721006427,0.1835625989019456,24.29777393479698,-1.44291566255553,253.94414764404297,246.461509475708,1334.8745195243828,0.0038584530721006427
EIX,17.323263,1.5850288,0.07197,0.02892,212.858,0.88,22077276160,-0.3154508536975801,0.2784565704992886,60.42677999514561,0.3851392229620537,55.323800048828126,73.62858306884766,26513.5506793574,-0.3154508536975801
EW,30.335472,4.178784,0.16636999,0.082559995,6.956,1.123,41732083712,0.06217265697224805,0.4031939395329259,41.0893590217465,0.19087674714172798,71.34569946289062,72.81587463378906,34106.20524312495,0.06217265697224805
EA,36.704834,5.0901585,0.14038,0.07121,30.747,0.783,37594144768,0.03636600629938491,0.2671010735544925,73.74301437864109,0.7276656430915467,132.99273559570312,143.9623208618164,7078.980935875216,0.03636600629938491
ELV,16.446651,2.3254468,0.14774,0.05091,82.914,0.865,96022118400,-0.2111729577030641,0.2592182463884832,65.79384090673824,0.7222232681808052,400.61158569335936,455.90323684692385,968.8409946410887,-0.2111729577030641
EMR,32.50986,3.1761892,0.07704,0.04448,31.298,1.351,65079705600,0.10664423874543116,0.2619771181119752,49.07687247802412,0.5886022427441575,121.0165998840332,115.02262435913086,5656.1561328007765,0.10664423874543116
ENPH,84.433334,10.069168,0.11302,0.01705,159.81,2.12,8388726272,-0.44886858205413704,0.6159866201458247,60.78431234513516,0.5188153254627559,62.556500091552735,88.3091750907898,22913.777852636,-0.44886858205413704
ETR,33.985714,2.371344,0.069520004,0.028369999,190.276,0.668,35868229632,0.31909836010589565,0.2600276785358212,45.1206612028974,-0.15107404794994073,82.72008697509766,68.19704551696778,14463.267985680397,0.31909836010589565
EOG,11.359111,2.4260087,0.22294001,0.1112,19.734,1.26,70786203648,0.02852606732272478,0.2306203365954189,64.50195130601156,0.5961851133622942,128.84356475830077,125.68218307495117,9897.378440712728,0.02852606732272478
EPAM,22.773249,2.8012912,0.12798999,0.08299,4.496,1.608,10169885696,-0.09253804937837085,0.4517388515906135,29.218511905803652,0.367610144973483,223.3970004272461,212.40545028686523,922.7219111579498,-0.09253804937837085
EQT,120.98001,1.5775886,0.0124,0.00661,38.82,1.119,32525287424,0.5743110987561169,0.34396558180420483,64.91592540394056,0.6070535840818213,51.2234001159668,41.246377868652345,30984.165268367142,0.5743110987561169
EFX,50.6853,6.3282924,0.12642999,0.05599,105.039,1.647,30362314752,-0.17889213397372494,0.29252481685754567,49.88491250700439,1.0100943274111573,252.21105346679687,264.94779602050784,3521.9354135798176,-0.17889213397372494
EQIX,99.216545,6.0791574,0.062459998,0.02971,139.913,0.734,82277171200,-0.026734948437307837,0.2551242816608079,33.88473030354771,0.3906570754678391,897.6837854003907,863.317008972168,236.35761052231422,-0.026734948437307837
EQR,26.272058,2.4590502,0.09247,0.026659999,72.742,0.933,27967227904,-0.04971434832763655,0.19468022920955538,39.486194843800476,0.03283738723832519,70.8134001159668,70.98010137557984,8831.304339284923,-0.04971434832763655
ERIE,36.30087,10.984344,0.32893002,0.16552,0.378,0.384,21828941824,-0.19414765800635314,0.2861742475915906,29.428918044381717,-2.9749721650225975,407.9235986328125,429.9614894104004,132.6067195254972,-0.19414765800635314
ESS,26.370884,3.5328946,0.14262,0.02846,115.698,0.92,20994885632,0.010838378001015059,0.20862594511947224,45.61995186556908,0.0927383990208146,293.15000122070313,287.96959732055666,366.32819833376755,0.010838378001015059
EG,11.426998,1.1254393,0.10141,0.01856,26.76,0.609,15591518208,-0.05758350060989348,0.24014632206145653,55.11529834264477,0.5839659953051153,349.5535968017578,368.0531204223633,271.85736378710084,-0.05758350060989348
EVRG,17.522429,1.5342144,0.090050004,0.02868,142.309,0.602,15274898432,0.09966989027926054,0.15249704793870814,50.851580189880764,-0.09460427290427165,65.30431449890136,59.84307468414307,12123.805987069665,0.09966989027926054
ES,26.123348,1.4455305,0.05549,0.03061,192.423,0.617,21767960576,-0.08528831960405259,0.2250155990867608,52.38539937815788,-0.20355468325904924,59.459649810791014,60.511737213134765,10116.610585469838,-0.08528831960405259
EXC,17.49796,1.6004031,0.0934,0.02545,174.232,0.58,43278979072,0.08529661916795339,0.18116218487103453,46.054733883198914,-0.20291042541049642,41.84061408996582,38.31877395629883,74195.66315021036,0.08529661916795339
EXPE,19.553074,14.47597,0.43832,0.04724,235.584,1.832,22549975040,0.21749016856094494,0.3909697406102474,37.194006279493884,0.49475649245947917,182.67014068603515,158.46839740753174,4229.777142857143,0.21749016856094494
EXPD,20.533216,7.291408,0.35157,0.14029,25.561,0.995,16211858432,-0.040760616765808555,0.19974897345263767,48.7654339157023,-0.3143126881061259,115.19380004882812,119.0785009765625,2151.38362337592,-0.040760616765808555
EXR,36.032257,2.2071073,0.05947,0.032899998,88.633,0.918,32142524416,-0.17756318532382587,0.24665145201631788,32.53511423120561,-0.4796097561754622,151.03165252685548,158.05848442077638,2263.046517500215,-0.17756318532382587
XOM,14.839285,1.9204357,0.14515,0.062459998,17.852,0.802,504815550464,0.02667788260137338,0.2022328011848206,79.94501809255203,0.6586596104765763,109.93785751342773,112.5570418548584,50914.43344038357,0.02667788260137338
FFIV,27.388447,4.940175,0.19513,0.07897,8.478,1.103,15853230080,0.2542419453410478,0.29261561118169366,42.720276200206165,0.6354358390350185,283.3672003173828,230.54325035095215,825.7291109472291,0.2542419453410478
FDS,30.946415,8.058605,0.28119,0.10808,80.856,0.762,16582411264,-0.059979240323746685,0.19899681271478611,40.63279387199866,0.2709335570019249,453.90904296875,446.585676574707,191.1153905079054,-0.059979240323746685
FAST,38.575,12.230501,0.33039,0.20604,13.423,1.04,44241747968,0.10243473750276766,0.2340946426941939,57.112310417674735,-0.007055064850254644,75.03602172851562,72.1288261795044,12783.408690785047,0.10243473750276766
FRT,28.66959,2.7889183,0.091529995,0.031059999,133.197,1.293,8460636672,-0.11545993349642625,0.1954142467601637,35.91586924737581,0.11300135140520773,104.18560028076172,107.91485435485839,4000.5506149035023,-0.11545993349642625
FIS,52.221832,2.5083718,0.04546,0.026889998,73.51,1.116,39279308800,-0.10909527878364689,0.23370710723423324,69.12168496987286,0.7846874922646346,74.43648406982422,79.22396327972412,11268.842475300537,-0.10909527878364689
FSLR,10.958403,1.7676978,0.17621,0.077470005,9.01,1.517,14102206464,-0.4516236349116779,0.5547161782058695,50.92802953116375,1.0026175716043557,154.4175996398926,201.3944496536255,15619.397061443617,-0.4516236349116779
FE,22.354704,1.759398,0.09149,0.02894,176.866,0.466,21916215296,-0.11803575483587103,0.1916635243948336,46.01180379056182,-0.07611044570590667,39.72920120239258,40.41009887695313,100881.06639599176,-0.11803575483587103
FI,41.29592,4.637864,0.10899,0.043730002,92.502,0.928,124934520832,0.25322338803536026,0.2102841432434219,45.726226866433,0.25282660982742655,220.56389923095702,191.35322486877442,3726.4774130373817,0.25322338803536026
F,6.9863696,0.9017061,0.13448,0.01164,358.603,1.607,40427585536,-0.018699121574613065,0.36269644560151126,64.25203395056847,0.05658467812319071,9.59841323852539,10.351209774017335,3747805.7279706197,-0.018699121574613065
FTNT,45.18584,52.423,3.38742,0.13209,71.857,0.968,78527627264,0.3300339199030815,0.38504624132850496,41.189760182553904,0.1501017200248156,102.25900009155274,83.53370018005371,15887.220489271893,0.3300339199030815
